SMILES,Input_SMILES,Tanimoto,NLL
N#Cc1ccccc1-c1nnn[nH]1,c1ccc(-c2ccccc2-c2nnn[nH]2)cc1,0.48333333333333334,2.944302558898926
Nc1ccccc1-c1nnn[nH]1,c1ccc(-c2ccccc2-c2nnn[nH]2)cc1,0.5087719298245614,3.1878137588500977
O=C(O)c1ccccc1-c1nnn[nH]1,c1ccc(-c2ccccc2-c2nnn[nH]2)cc1,0.46774193548387094,3.2034993171691895
c1ccc(-c2nnn[nH]2)c(-c2ccncc2)c1,c1ccc(-c2ccccc2-c2nnn[nH]2)cc1,0.7,3.2251851558685303
Cc1nnc(-c2ccccc2-c2ccccc2)o1,c1ccc(-c2ccccc2-c2nnn[nH]2)cc1,0.6,3.392665386199951
Nc1ccc(-c2ccccc2-c2nnn[nH]2)cc1,c1ccc(-c2ccccc2-c2nnn[nH]2)cc1,0.6774193548387096,3.67807936668396
Fc1ccc(-c2nnn[nH]2)c(-c2ccccc2)c1,c1ccc(-c2ccccc2-c2nnn[nH]2)cc1,0.7049180327868853,3.7445483207702637
c1ccc(-c2nnn[nH]2)c(-c2cncnc2)c1,c1ccc(-c2ccccc2-c2nnn[nH]2)cc1,0.59375,3.775710344314575
COc1ccccc1-c1nnn[nH]1,c1ccc(-c2ccccc2-c2nnn[nH]2)cc1,0.48333333333333334,3.8577115535736084
NC(=O)c1ccccc1-c1nnn[nH]1,c1ccc(-c2ccccc2-c2nnn[nH]2)cc1,0.46774193548387094,4.1748857498168945
Clc1cccc(-c2nnn[nH]2)c1-c1ccccc1,c1ccc(-c2ccccc2-c2nnn[nH]2)cc1,0.6774193548387096,4.35521936416626
Clc1ccc(-c2nnn[nH]2)c(-c2ccccc2)c1,c1ccc(-c2ccccc2-c2nnn[nH]2)cc1,0.7049180327868853,4.379345417022705
c1ccc(-c2ccccc2-c2nnn[nH]2)cc1,c1ccc(-c2ccccc2-c2nnn[nH]2)cc1,1.0,4.391231536865234
Oc1ccccc1-c1nnn[nH]1,c1ccc(-c2ccccc2-c2nnn[nH]2)cc1,0.5087719298245614,4.449685096740723
Fc1cccc(-c2nnn[nH]2)c1-c1ccccc1,c1ccc(-c2ccccc2-c2nnn[nH]2)cc1,0.6774193548387096,4.503617286682129
COC(=O)c1ccccc1-c1nnn[nH]1,c1ccc(-c2ccccc2-c2nnn[nH]2)cc1,0.4461538461538462,4.573662757873535
c1ccc(-c2ccnc3ccccc23)c(-c2nnn[nH]2)c1,c1ccc(-c2ccccc2-c2nnn[nH]2)cc1,0.6285714285714286,4.653684616088867
Clc1ccccc1-c1nnn[nH]1,c1ccc(-c2ccccc2-c2nnn[nH]2)cc1,0.5087719298245614,4.687443256378174
FC(F)(F)c1ccccc1-c1nnn[nH]1,c1ccc(-c2ccccc2-c2nnn[nH]2)cc1,0.453125,4.872776985168457
Fc1ccccc1-c1nnn[nH]1,c1ccc(-c2ccccc2-c2nnn[nH]2)cc1,0.5087719298245614,4.906737327575684
Cc1ccc(-c2nnn[nH]2)c(-c2ccccc2)c1,c1ccc(-c2ccccc2-c2nnn[nH]2)cc1,0.7049180327868853,4.931629180908203
c1ccc(-c2ccccc2-c2nnn[nH]2)nc1,c1ccc(-c2ccccc2-c2nnn[nH]2)cc1,0.6721311475409836,5.0654802322387695
N#Cc1ccc(-c2ccccc2-c2nnn[nH]2)cc1,c1ccc(-c2ccccc2-c2nnn[nH]2)cc1,0.6461538461538462,5.0788092613220215
c1ccc(-c2nnn[nH]2)c(-c2cnc3ccccc3c2)c1,c1ccc(-c2ccccc2-c2nnn[nH]2)cc1,0.6764705882352942,5.129617691040039
c1ccc(-c2ccccc2-c2nn[nH]n2)cc1,c1ccc(-c2ccccc2-c2nnn[nH]2)cc1,0.7,5.129729270935059
Nc1cccc(-c2ccccc2-c2nnn[nH]2)c1,c1ccc(-c2ccccc2-c2nnn[nH]2)cc1,0.7049180327868853,5.1472392082214355
c1cncc(-c2ccccc2-c2nnn[nH]2)c1,c1ccc(-c2ccccc2-c2nnn[nH]2)cc1,0.7,5.160304546356201
FC(F)(F)c1cccc(-c2nnn[nH]2)c1-c1ccccc1,c1ccc(-c2ccccc2-c2nnn[nH]2)cc1,0.6086956521739131,5.17979621887207
COc1ccc(-c2ccccc2-c2nnn[nH]2)cc1,c1ccc(-c2ccccc2-c2nnn[nH]2)cc1,0.6461538461538462,5.191076278686523
COc1cccc(-c2nnn[nH]2)c1-c1ccccc1,c1ccc(-c2ccccc2-c2nnn[nH]2)cc1,0.6461538461538462,5.199899196624756
N#Cc1cccc(-c2ccccc2-c2nnn[nH]2)c1,c1ccc(-c2ccccc2-c2nnn[nH]2)cc1,0.671875,5.229866027832031
O=[N+]([O-])c1ccccc1-c1nnn[nH]1,c1ccc(-c2ccccc2-c2nnn[nH]2)cc1,0.46774193548387094,5.258392810821533
NS(=O)(=O)c1ccc(-c2ccccc2-c2nnn[nH]2)cc1,c1ccc(-c2ccccc2-c2nnn[nH]2)cc1,0.6086956521739131,5.283174514770508
c1ccc(-c2cncc3ccccc23)c(-c2nnn[nH]2)c1,c1ccc(-c2ccccc2-c2nnn[nH]2)cc1,0.6285714285714286,5.29008150100708
O=C(O)Cc1ccccc1-c1nnn[nH]1,c1ccc(-c2ccccc2-c2nnn[nH]2)cc1,0.4461538461538462,5.294957637786865
Nc1nnc(-c2ccccc2-c2ccccc2)o1,c1ccc(-c2ccccc2-c2nnn[nH]2)cc1,0.6,5.2988762855529785
FC(F)(F)c1ccc(-c2ccccc2-c2nnn[nH]2)cc1,c1ccc(-c2ccccc2-c2nnn[nH]2)cc1,0.6086956521739131,5.3242506980896
O=[N+]([O-])c1ccc(-c2ccccc2-c2nnn[nH]2)cc1,c1ccc(-c2ccccc2-c2nnn[nH]2)cc1,0.6268656716417911,5.333160877227783
Nc1cccc(-c2nnn[nH]2)c1-c1ccccc1,c1ccc(-c2ccccc2-c2nnn[nH]2)cc1,0.6774193548387096,5.395655155181885
Fc1cc(F)c(-c2ccccc2)c(-c2nnn[nH]2)c1,c1ccc(-c2ccccc2-c2nnn[nH]2)cc1,0.5362318840579711,5.419181823730469
c1ccc(-c2c[nH]c3ccccc23)c(-c2nnn[nH]2)c1,c1ccc(-c2ccccc2-c2nnn[nH]2)cc1,0.6567164179104478,5.438136100769043
c1ccc(-c2cccc3c2CCO3)c(-c2nnn[nH]2)c1,c1ccc(-c2ccccc2-c2nnn[nH]2)cc1,0.5416666666666666,5.447185039520264
S=c1[nH]nc(-c2ccccc2-c2ccccc2)o1,c1ccc(-c2ccccc2-c2nnn[nH]2)cc1,0.6,5.460816860198975
c1ccc2c(-c3nnn[nH]3)cccc2c1,c1ccc(-c2ccccc2-c2nnn[nH]2)cc1,0.6,5.579205513000488
Nc1ccc(-c2nnn[nH]2)c(-c2ccccc2)c1,c1ccc(-c2ccccc2-c2nnn[nH]2)cc1,0.7049180327868853,5.582916736602783
Nc1n[nH]c(-c2ccccc2-c2ccccc2)n1,c1ccc(-c2ccccc2-c2nnn[nH]2)cc1,0.6774193548387096,5.5911760330200195
Ic1ccccc1-c1nnn[nH]1,c1ccc(-c2ccccc2-c2nnn[nH]2)cc1,0.5087719298245614,5.608689308166504
Cc1nnc(-c2ccccc2-c2ccccc2)s1,c1ccc(-c2ccccc2-c2nnn[nH]2)cc1,0.6,5.6089019775390625
c1ccc(-c2nnn[nH]2)c(-c2ncc[nH]2)c1,c1ccc(-c2ccccc2-c2nnn[nH]2)cc1,0.546875,5.610630989074707
O=[N+]([O-])c1cccc(-c2nnn[nH]2)c1-c1ccccc1,c1ccc(-c2ccccc2-c2nnn[nH]2)cc1,0.6268656716417911,5.612458229064941
c1ccc(-c2nnn[nH]2)c(-c2nn[nH]n2)c1,c1ccc(-c2ccccc2-c2nnn[nH]2)cc1,0.5,5.6340179443359375
Cc1ccccc1-c1nnn[nH]1,c1ccc(-c2ccccc2-c2nnn[nH]2)cc1,0.5087719298245614,5.640109062194824
Fc1ccc(-c2nnn[nH]2)c(-c2cccc3ccccc23)c1,c1ccc(-c2ccccc2-c2nnn[nH]2)cc1,0.5263157894736842,5.773696422576904
COc1ccc(-c2ccccc2-c2nnn[nH]2)cc1OC,c1ccc(-c2ccccc2-c2nnn[nH]2)cc1,0.5555555555555556,5.779586315155029
FC(F)(F)Oc1ccccc1-c1nnn[nH]1,c1ccc(-c2ccccc2-c2nnn[nH]2)cc1,0.43283582089552236,5.786717891693115
c1ccc(-c2n[nH]c3ccccc23)c(-c2nnn[nH]2)c1,c1ccc(-c2ccccc2-c2nnn[nH]2)cc1,0.6323529411764706,5.78837776184082
c1ccc(-c2nnn[nH]2)c(Cc2ccncc2)c1,c1ccc(-c2ccccc2-c2nnn[nH]2)cc1,0.5217391304347826,5.795734405517578
c1ccc(-c2ccccc2-c2ncn[nH]2)cc1,c1ccc(-c2ccccc2-c2nnn[nH]2)cc1,0.7,5.808602333068848
c1ccc(-c2nnn[nH]2)c(-c2cn[nH]c2)c1,c1ccc(-c2ccccc2-c2nnn[nH]2)cc1,0.5967741935483871,5.82682991027832
O=C(O)c1ccc(-c2ccccc2-c2nnn[nH]2)cc1,c1ccc(-c2ccccc2-c2nnn[nH]2)cc1,0.6268656716417911,5.837146759033203
c1ccc(-c2ccsc2-c2nnn[nH]2)cc1,c1ccc(-c2ccccc2-c2nnn[nH]2)cc1,0.6229508196721312,5.852898120880127
Clc1ccc(-c2nnn[nH]2)c(-c2cccc3ccccc23)c1,c1ccc(-c2ccccc2-c2nnn[nH]2)cc1,0.5263157894736842,5.855474948883057
c1ccc(-c2nnn[nH]2)c(CCc2ccncc2)c1,c1ccc(-c2ccccc2-c2nnn[nH]2)cc1,0.5,5.905110836029053
c1ccc(-c2ccccc2-c2nn[nH]n2)nc1,c1ccc(-c2ccccc2-c2nnn[nH]2)cc1,0.45714285714285713,5.9062604904174805
Cc1nnc(-c2ccccc2-c2ccccc2)[nH]1,c1ccc(-c2ccccc2-c2nnn[nH]2)cc1,0.6774193548387096,5.915323257446289
COc1ccc(-c2nnn[nH]2)c(-c2ccccc2)c1,c1ccc(-c2ccccc2-c2nnn[nH]2)cc1,0.671875,5.9180731773376465
O=C(O)c1cccc(-c2ccccc2-c2nnn[nH]2)c1,c1ccc(-c2ccccc2-c2nnn[nH]2)cc1,0.6515151515151515,5.967458724975586
Cc1ccc(-c2ccccc2-c2nnn[nH]2)cc1,c1ccc(-c2ccccc2-c2nnn[nH]2)cc1,0.6774193548387096,5.973498821258545
c1ccc(-c2cccc(-c3nnn[nH]3)c2)cc1,c1ccc(-c2ccccc2-c2nnn[nH]2)cc1,0.6451612903225806,5.9874267578125
c1ccc(-n2ccnc2)c(-c2nnn[nH]2)c1,c1ccc(-c2ccccc2-c2nnn[nH]2)cc1,0.47761194029850745,5.990697383880615
c1ccc(-c2nccs2)c(-c2nnn[nH]2)c1,c1ccc(-c2ccccc2-c2nnn[nH]2)cc1,0.546875,5.9919304847717285
c1ccc(-c2nnn[nH]2)c(-c2nc[nH]n2)c1,c1ccc(-c2ccccc2-c2nnn[nH]2)cc1,0.5230769230769231,6.000088214874268
COc1cccc(-c2ccccc2-c2nnn[nH]2)c1,c1ccc(-c2ccccc2-c2nnn[nH]2)cc1,0.671875,6.045219898223877
Brc1ccccc1-c1nnn[nH]1,c1ccc(-c2ccccc2-c2nnn[nH]2)cc1,0.6229508196721312,6.113672256469727
CS(=O)(=O)c1ccc(-c2ccccc2-c2nnn[nH]2)cc1,c1ccc(-c2ccccc2-c2nnn[nH]2)cc1,0.5087719298245614,6.153246879577637
N=C(N)c1ccccc1-c1nnn[nH]1,c1ccc(-c2ccccc2-c2nnn[nH]2)cc1,0.6086956521739131,6.176963806152344
c1coc(-c2ccccc2-c2nnn[nH]2)c1,c1ccc(-c2ccccc2-c2nnn[nH]2)cc1,0.46774193548387094,6.179576396942139
c1ccc(-c2nnn[nH]2)c(-c2cnc3[nH]ccc3c2)c1,c1ccc(-c2ccccc2-c2nnn[nH]2)cc1,0.6229508196721312,6.179893493652344
c1ccc(-c2nnn[nH]2)c(CCc2nn[nH]n2)c1,c1ccc(-c2ccccc2-c2nnn[nH]2)cc1,0.5633802816901409,6.182743072509766
Fc1cccc(-c2nnn[nH]2)c1-c1cccc(Cl)c1,c1ccc(-c2ccccc2-c2nnn[nH]2)cc1,0.4,6.188051700592041
c1ccc(-c2ccccc2-c2nc[nH]n2)cc1,c1ccc(-c2ccccc2-c2nnn[nH]2)cc1,0.49295774647887325,6.189847469329834
c1ccc(-c2nccc3ccccc23)c(-c2nnn[nH]2)c1,c1ccc(-c2ccccc2-c2nnn[nH]2)cc1,0.6190476190476191,6.18984842300415
c1ccc(-c2ccccc2Cc2nnn[nH]2)cc1,c1ccc(-c2ccccc2-c2nnn[nH]2)cc1,0.6285714285714286,6.199557781219482
c1ccc(Oc2ccccc2-c2nnn[nH]2)cc1,c1ccc(-c2ccccc2-c2nnn[nH]2)cc1,0.6935483870967742,6.216259956359863
Brc1cccc(-c2nnn[nH]2)c1-c1ccccc1,c1ccc(-c2ccccc2-c2nnn[nH]2)cc1,0.6935483870967742,6.2530293464660645
Fc1cccc(-c2nnn[nH]2)c1-c1ccc(Cl)cc1,c1ccc(-c2ccccc2-c2nnn[nH]2)cc1,0.6774193548387096,6.264233112335205
Cc1ccc(-c2ccccc2-c2nnn[nH]2)cc1C,c1ccc(-c2ccccc2-c2nnn[nH]2)cc1,0.4520547945205479,6.276364803314209
Oc1ccc(-c2ccccc2-c2nnn[nH]2)cc1,c1ccc(-c2ccccc2-c2nnn[nH]2)cc1,0.6060606060606061,6.278468608856201
c1ccc(-n2nnc3ccccc32)c(-c2nnn[nH]2)c1,c1ccc(-c2ccccc2-c2nnn[nH]2)cc1,0.6774193548387096,6.320536136627197
Cc1cccc(-c2nnn[nH]2)c1-c1ccccc1,c1ccc(-c2ccccc2-c2nnn[nH]2)cc1,0.5633802816901409,6.32835578918457
O=[N+]([O-])c1cccc(-c2ccccc2-c2nnn[nH]2)c1,c1ccc(-c2ccccc2-c2nnn[nH]2)cc1,0.6774193548387096,6.334800720214844
Cc1noc(-c2ccccc2-c2ccccc2)n1,c1ccc(-c2ccccc2-c2nnn[nH]2)cc1,0.6515151515151515,6.349223613739014
FC(F)(F)Oc1ccc(-c2ccccc2-c2nnn[nH]2)cc1,c1ccc(-c2ccccc2-c2nnn[nH]2)cc1,0.5757575757575758,6.350320339202881
NS(=O)(=O)c1ccccc1-c1nnn[nH]1,c1ccc(-c2ccccc2-c2nnn[nH]2)cc1,0.5833333333333334,6.361483573913574
c1ccc(-c2ccncc2-c2nnn[nH]2)cc1,c1ccc(-c2ccccc2-c2nnn[nH]2)cc1,0.453125,6.388612747192383
CC(=O)c1ccccc1-c1nnn[nH]1,c1ccc(-c2ccccc2-c2nnn[nH]2)cc1,0.7,6.416180610656738
c1ccc(-c2nc3ccccc3s2)c(-c2nnn[nH]2)c1,c1ccc(-c2ccccc2-c2nnn[nH]2)cc1,0.46774193548387094,6.444298267364502
COc1cccc(-c2nnn[nH]2)c1-c1ccccc1C,c1ccc(-c2ccccc2-c2nnn[nH]2)cc1,0.6935483870967742,6.444465160369873
c1ccc(-c2cccc3c2OCCO3)c(-c2nnn[nH]2)c1,c1ccc(-c2ccccc2-c2nnn[nH]2)cc1,0.6323529411764706,6.451677322387695
COC(=O)c1cccc(-c2ccccc2-c2nnn[nH]2)c1,c1ccc(-c2ccccc2-c2nnn[nH]2)cc1,0.5352112676056338,6.465120315551758
c1ccc(-c2cccc3c2CCC3)c(-c2nnn[nH]2)c1,c1ccc(-c2ccccc2-c2nnn[nH]2)cc1,0.52,6.482633590698242
Nc1nnc(-c2ccccc2-c2ccccc2)s1,c1ccc(-c2ccccc2-c2nnn[nH]2)cc1,0.6231884057971014,6.522055149078369
COC(=O)c1ccc(-c2ccccc2-c2nnn[nH]2)cc1,c1ccc(-c2ccccc2-c2nnn[nH]2)cc1,0.5416666666666666,6.527730941772461
c1ccc(-n2cccc2)c(-c2nnn[nH]2)c1,c1ccc(-c2ccccc2-c2nnn[nH]2)cc1,0.6,6.544256210327148
Cc1nc(-c2ccccc2-c2ccccc2)no1,c1ccc(-c2ccccc2-c2nnn[nH]2)cc1,0.6,6.559587001800537
c1ccc(-c2csc(-c3nnn[nH]3)c2-c2ccccc2)cc1,c1ccc(-c2ccccc2-c2nnn[nH]2)cc1,0.546875,6.559791088104248
c1ccc(-c2nnn[nH]2)c(NCc2ccncc2)c1,c1ccc(-c2ccccc2-c2nnn[nH]2)cc1,0.5757575757575758,6.5619354248046875
c1ccc(-c2ncco2)c(-c2nnn[nH]2)c1,c1ccc(-c2ccccc2-c2nnn[nH]2)cc1,0.625,6.597499847412109
c1ccc(-c2cc3ccccc3s2)c(-c2nnn[nH]2)c1,c1ccc(-c2ccccc2-c2nnn[nH]2)cc1,0.5,6.597681522369385
O=[N+]([O-])c1ccc(-c2nnn[nH]2)c(-c2ccccc2)c1,c1ccc(-c2ccccc2-c2nnn[nH]2)cc1,0.546875,6.601320266723633
c1ccc(-c2ccccc2-c2ncc[nH]2)cc1,c1ccc(-c2ccccc2-c2nnn[nH]2)cc1,0.6567164179104478,6.618747711181641
c1ccc(-c2ccccc2-c2noc(N3CCOCC3)n2)cc1,c1ccc(-c2ccccc2-c2nnn[nH]2)cc1,0.6515151515151515,6.625908851623535
CC(C)(C)c1ccc(-c2ccccc2-c2nnn[nH]2)cc1,c1ccc(-c2ccccc2-c2nnn[nH]2)cc1,0.6451612903225806,6.627828121185303
c1ccc(Cn2nnnc2-c2ccccc2-c2nnn[nH]2)cc1,c1ccc(-c2ccccc2-c2nnn[nH]2)cc1,0.4634146341463415,6.6659369468688965
Clc1cccc(-c2nnn[nH]2)c1Cc1ccccc1,c1ccc(-c2ccccc2-c2nnn[nH]2)cc1,0.6086956521739131,6.666891574859619
CS(=O)(=O)Nc1ccccc1-c1nnn[nH]1,c1ccc(-c2ccccc2-c2nnn[nH]2)cc1,0.6216216216216216,6.69244909286499
c1ccc(-c2nn[nH]n2)c(-c2ccncc2)c1,c1ccc(-c2ccccc2-c2nnn[nH]2)cc1,0.5735294117647058,6.706327438354492
c1ccc(-n2ncc3ccccc32)c(-c2nnn[nH]2)c1,c1ccc(-c2ccccc2-c2nnn[nH]2)cc1,0.43283582089552236,6.720757961273193
c1ccc(-c2ccc(-c3nnn[nH]3)cc2)cc1,c1ccc(-c2ccccc2-c2nnn[nH]2)cc1,0.4782608695652174,6.731311321258545
FC(F)(F)c1ccc(-c2nnn[nH]2)c(-c2ccccc2)c1,c1ccc(-c2ccccc2-c2nnn[nH]2)cc1,0.5857142857142857,6.7567267417907715
c1ccc2cc(-c3nnn[nH]3)ccc2c1,c1ccc(-c2ccccc2-c2nnn[nH]2)cc1,0.6190476190476191,6.769066333770752
Fc1cc(-c2nnn[nH]2)c(-c2ccccc2)cc1Cl,c1ccc(-c2ccccc2-c2nnn[nH]2)cc1,1.0,6.775226593017578
c1ccc(-n2cnc3ccccc32)c(-c2nnn[nH]2)c1,c1ccc(-c2ccccc2-c2nnn[nH]2)cc1,0.6323529411764706,6.790096282958984
c1ccc(-c2csc3ccccc23)c(-c2nnn[nH]2)c1,c1ccc(-c2ccccc2-c2nnn[nH]2)cc1,0.5238095238095238,6.792819499969482
c1ccc(C2CC2)c(-c2nnn[nH]2)c1,c1ccc(-c2ccccc2-c2nnn[nH]2)cc1,0.582089552238806,6.802726745605469
c1ccc(-c2nnn[nH]2)c(CCc2nnn[nH]2)c1,c1ccc(-c2ccccc2-c2nnn[nH]2)cc1,0.5857142857142857,6.807485103607178
c1cncc(CNc2ccccc2-c2nnn[nH]2)c1,c1ccc(-c2ccccc2-c2nnn[nH]2)cc1,0.6567164179104478,6.809284210205078
Fc1cc(-c2ccccc2)c(-c2nnn[nH]2)cc1F,c1ccc(-c2ccccc2-c2nnn[nH]2)cc1,0.4603174603174603,6.816245079040527
C(#Cc1ccccc1-c1nnn[nH]1)c1ccccc1,c1ccc(-c2ccccc2-c2nnn[nH]2)cc1,0.4,6.827049732208252
CN(C)c1ccc(-c2ccccc2-c2nnn[nH]2)cc1,c1ccc(-c2ccccc2-c2nnn[nH]2)cc1,0.5,6.83043909072876
Cn1nnc(-c2ccccc2-c2ccccc2)n1,c1ccc(-c2ccccc2-c2nnn[nH]2)cc1,0.582089552238806,6.834146499633789
c1ccc(-c2cc3ccccc3o2)c(-c2nnn[nH]2)c1,c1ccc(-c2ccccc2-c2nnn[nH]2)cc1,0.6615384615384615,6.853576183319092
c1ccc(-c2nc3ccccc3o2)c(-c2nnn[nH]2)c1,c1ccc(-c2ccccc2-c2nnn[nH]2)cc1,0.6268656716417911,6.857801914215088
Cc1cc(-c2ccccc2-c2nnn[nH]2)c2ccccc2n1,c1ccc(-c2ccccc2-c2nnn[nH]2)cc1,0.625,6.861567497253418
c1ccc(-c2cccc3ccccc23)c(-c2nnn[nH]2)c1,c1ccc(-c2ccccc2-c2nnn[nH]2)cc1,0.6567164179104478,6.874816417694092
COc1ccccc1-c1ccccc1-c1nnn[nH]1,c1ccc(-c2ccccc2-c2nnn[nH]2)cc1,0.6323529411764706,6.875476837158203
c1ccc(-c2nnn[nH]2)c(-c2ccsc2)c1,c1ccc(-c2ccccc2-c2nnn[nH]2)cc1,0.6111111111111112,6.910029411315918
CCOc1ccccc1-c1nnn[nH]1,c1ccc(-c2ccccc2-c2nnn[nH]2)cc1,0.6521739130434783,6.9245924949646
N#Cc1ccccc1-c1ccccc1-c1nnn[nH]1,c1ccc(-c2ccccc2-c2nnn[nH]2)cc1,0.671875,6.937337875366211
FC(F)(F)Oc1cccc(-c2nnn[nH]2)c1-c1ccccc1,c1ccc(-c2ccccc2-c2nnn[nH]2)cc1,0.65,6.940915107727051
O=C(NO)c1ccccc1-c1nnn[nH]1,c1ccc(-c2ccccc2-c2nnn[nH]2)cc1,0.4603174603174603,6.946663856506348
Nc1ccccc1C(=O)c1ccccc1-c1nnn[nH]1,c1ccc(-c2ccccc2-c2nnn[nH]2)cc1,0.671875,6.947549819946289
O=C(O)c1ccccc1Cc1nnn[nH]1,c1ccc(-c2ccccc2-c2nnn[nH]2)cc1,0.5833333333333334,6.951885223388672
Fc1cccc(-c2nnn[nH]2)c1-c1cccc(C(F)(F)F)c1,c1ccc(-c2ccccc2-c2nnn[nH]2)cc1,0.4461538461538462,6.969900608062744
Nc1nc(-c2ccccc2-c2ccccc2)no1,c1ccc(-c2ccccc2-c2nnn[nH]2)cc1,0.5797101449275363,6.985057830810547
[O-][n+]1nnc(-c2ccccc2-c2ccccc2)o1,c1ccc(-c2ccccc2-c2nnn[nH]2)cc1,0.323943661971831,7.000421047210693
c1cncc(Cc2ccccc2-c2nnn[nH]2)c1,c1ccc(-c2ccccc2-c2nnn[nH]2)cc1,0.44871794871794873,7.00436544418335
CC(C)(C)c1ccccc1-c1nnn[nH]1,c1ccc(-c2ccccc2-c2nnn[nH]2)cc1,0.5757575757575758,7.005180835723877
Ic1cccc(-c2nnn[nH]2)c1-c1ccccc1,c1ccc(-c2ccccc2-c2nnn[nH]2)cc1,0.6,7.011295318603516
c1ccc(-c2nn[nH]n2)c(-c2cncnc2)c1,c1ccc(-c2ccccc2-c2nnn[nH]2)cc1,0.5217391304347826,7.025905609130859
Fc1cc(-c2nnn[nH]2)c(-c2ccccc2)cc1-c1ccccc1,c1ccc(-c2ccccc2-c2nnn[nH]2)cc1,0.453125,7.034172058105469
NC(=O)c1ccc(-c2ccccc2-c2nnn[nH]2)cc1,c1ccc(-c2ccccc2-c2nnn[nH]2)cc1,0.6774193548387096,7.034409046173096
CN(C)c1ccccc1-c1nnn[nH]1,c1ccc(-c2ccccc2-c2nnn[nH]2)cc1,0.3972602739726027,7.043360233306885
O=C(Nc1ccccc1-c1nnn[nH]1)c1ccccc1,c1ccc(-c2ccccc2-c2nnn[nH]2)cc1,0.6266666666666667,7.0462422370910645
N#Cc1cc(F)ccc1-c1nnn[nH]1,c1ccc(-c2ccccc2-c2nnn[nH]2)cc1,0.6268656716417911,7.086660385131836
c1ccc(-c2nnn[nH]2)c(C2=NCCS2)c1,c1ccc(-c2ccccc2-c2nnn[nH]2)cc1,0.46774193548387094,7.088362693786621
FC(F)(F)c1cc(-c2nnn[nH]2)c(-c2ccccc2)cc1Cl,c1ccc(-c2ccccc2-c2nnn[nH]2)cc1,0.6417910447761194,7.088449954986572
c1ccc(-c2ccoc2-c2nnn[nH]2)cc1,c1ccc(-c2ccccc2-c2nnn[nH]2)cc1,0.3582089552238806,7.098772048950195
c1ccc(-c2ccccc2-c2c[nH]cn2)cc1,c1ccc(-c2ccccc2-c2nnn[nH]2)cc1,0.5,7.103278160095215
Nc1nc(-c2ccccc2-c2ccccc2)cs1,c1ccc(-c2ccccc2-c2nnn[nH]2)cc1,0.527027027027027,7.119813442230225
Nc1cc(-c2ccccc2-c2nnn[nH]2)ccc1C(F)(F)F,c1ccc(-c2ccccc2-c2nnn[nH]2)cc1,0.6229508196721312,7.1251220703125
Oc1ccccc1-c1ccccc1-c1nnn[nH]1,c1ccc(-c2ccccc2-c2nnn[nH]2)cc1,0.59375,7.1332292556762695
Clc1cc(Cl)c(-c2ccccc2)c(-c2nnn[nH]2)c1,c1ccc(-c2ccccc2-c2nnn[nH]2)cc1,0.5522388059701493,7.137139797210693
Nc1cc(-c2ccccc2-c2ccccc2)no1,c1ccc(-c2ccccc2-c2nnn[nH]2)cc1,0.547945205479452,7.139124393463135
CS(=O)(=O)c1nnc(-c2ccccc2-c2ccccc2)o1,c1ccc(-c2ccccc2-c2nnn[nH]2)cc1,0.7049180327868853,7.142632961273193
C(=C/c1ccccc1-c1nnn[nH]1)\c1ccccc1,c1ccc(-c2ccccc2-c2nnn[nH]2)cc1,0.5362318840579711,7.151217937469482
c1ccc(-c2nnn[nH]2)c(-c2ccc3[nH]ccc3c2)c1,c1ccc(-c2ccccc2-c2nnn[nH]2)cc1,0.5522388059701493,7.156365394592285
c1ccc(COc2ccccc2-c2nnn[nH]2)cc1,c1ccc(-c2ccccc2-c2nnn[nH]2)cc1,0.5416666666666666,7.188105583190918
Fc1cccc(-c2nnn[nH]2)c1-c1ccccc1C(F)(F)F,c1ccc(-c2ccccc2-c2nnn[nH]2)cc1,0.6615384615384615,7.198574066162109
Fc1ccc(-c2ccccc2-c2nnn[nH]2)cc1,c1ccc(-c2ccccc2-c2nnn[nH]2)cc1,0.6086956521739131,7.21197509765625
Cc1nc(-c2ccccc2-c2ccccc2)n[nH]1,c1ccc(-c2ccccc2-c2nnn[nH]2)cc1,0.6615384615384615,7.222263813018799
O=S(=O)(c1ccccc1)c1ccccc1-c1nnn[nH]1,c1ccc(-c2ccccc2-c2nnn[nH]2)cc1,0.5066666666666667,7.223536968231201
c1ccc(-c2cccc3c2OCC3)c(-c2nnn[nH]2)c1,c1ccc(-c2ccccc2-c2nnn[nH]2)cc1,0.6774193548387096,7.246589660644531
c1ccc(-c2cccc3c2oc2ccccc23)c(-c2nnn[nH]2)c1,c1ccc(-c2ccccc2-c2nnn[nH]2)cc1,0.625,7.267091274261475
c1ccc(-c2ccccc2-c2cnn[nH]2)cc1,c1ccc(-c2ccccc2-c2nnn[nH]2)cc1,0.6515151515151515,7.268052577972412
Oc1cccc(-c2ccccc2-c2nnn[nH]2)c1,c1ccc(-c2ccccc2-c2nnn[nH]2)cc1,0.5416666666666666,7.271169185638428
Cc1cccc(C(=O)O)c1-c1ccccc1-c1nnn[nH]1,c1ccc(-c2ccccc2-c2nnn[nH]2)cc1,0.5769230769230769,7.274917125701904
c1ccc(-c2cccnc2-c2nnn[nH]2)cc1,c1ccc(-c2ccccc2-c2nnn[nH]2)cc1,0.6721311475409836,7.281414031982422
S=c1[nH]nc(-c2ccccc2-c2ccccc2)[nH]1,c1ccc(-c2ccccc2-c2nnn[nH]2)cc1,0.7049180327868853,7.284585475921631
c1ccc(-c2c[nH]nc2-c2ccccc2-c2nnn[nH]2)cc1,c1ccc(-c2ccccc2-c2nnn[nH]2)cc1,0.5416666666666666,7.300039768218994
c1ccc(-c2cccc(-c3nnn[nH]3)c2)nc1,c1ccc(-c2ccccc2-c2nnn[nH]2)cc1,0.6721311475409836,7.305385589599609
c1ccc(CNc2ccccc2-c2nnn[nH]2)cc1,c1ccc(-c2ccccc2-c2nnn[nH]2)cc1,0.6507936507936508,7.316995143890381
COc1cccc(-c2nnn[nH]2)c1-c1cccc(C)c1,c1ccc(-c2ccccc2-c2nnn[nH]2)cc1,0.746268656716418,7.323557376861572
Fc1cccc(-c2nnn[nH]2)c1Cc1ccccc1,c1ccc(-c2ccccc2-c2nnn[nH]2)cc1,0.5223880597014925,7.326528549194336
c1ccc(-c2noc3ccccc23)c(-c2nnn[nH]2)c1,c1ccc(-c2ccccc2-c2nnn[nH]2)cc1,0.7,7.327168941497803
Nc1cc(-c2ccccc2-c2nnn[nH]2)ccc1C(=O)O,c1ccc(-c2ccccc2-c2nnn[nH]2)cc1,0.6615384615384615,7.340959072113037
Fc1ccc(-c2nnn[nH]2)c(-c2ccncc2)c1,c1ccc(-c2ccccc2-c2nnn[nH]2)cc1,0.47297297297297297,7.346671104431152
Clc1ccc(-c2nnn[nH]2)c(-c2ccncc2)c1,c1ccc(-c2ccccc2-c2nnn[nH]2)cc1,0.5735294117647058,7.350935935974121
Fc1ccc(-c2nnn[nH]2)c(-c2ccccc2F)c1,c1ccc(-c2ccccc2-c2nnn[nH]2)cc1,0.6323529411764706,7.360646724700928
COc1cccc(-c2ccccc2-c2nnn[nH]2)c1OC,c1ccc(-c2ccccc2-c2nnn[nH]2)cc1,0.5633802816901409,7.370835304260254
c1ccc(-c2nnn[nH]2)c(-c2cnc[nH]2)c1,c1ccc(-c2ccccc2-c2nnn[nH]2)cc1,0.4857142857142857,7.371872901916504
Nc1ccccc1-c1ccccc1-c1nnn[nH]1,c1ccc(-c2ccccc2-c2nnn[nH]2)cc1,0.4857142857142857,7.372438430786133
NC(=O)c1cccc(-c2ccccc2-c2nnn[nH]2)c1,c1ccc(-c2ccccc2-c2nnn[nH]2)cc1,0.5362318840579711,7.378032684326172
c1ccc(-c2ccccc2-c2cn[nH]n2)cc1,c1ccc(-c2ccccc2-c2nnn[nH]2)cc1,0.5342465753424658,7.381256580352783
Oc1cccc(-c2nnn[nH]2)c1-c1ccccc1,c1ccc(-c2ccccc2-c2nnn[nH]2)cc1,0.546875,7.388421058654785
c1ccc(-c2nnn[nH]2)c(NCCc2ccncc2)c1,c1ccc(-c2ccccc2-c2nnn[nH]2)cc1,0.7049180327868853,7.3913960456848145
c1csc(-c2ccccc2-c2nnn[nH]2)c1,c1ccc(-c2ccccc2-c2nnn[nH]2)cc1,0.6515151515151515,7.395839214324951
c1ccc(C2CC(c3ccccc3-c3nnn[nH]3)=NO2)cc1,c1ccc(-c2ccccc2-c2nnn[nH]2)cc1,0.6190476190476191,7.399510860443115
Cc1ccc(-c2ccccc2-c2nnn[nH]2)c(C)c1,c1ccc(-c2ccccc2-c2nnn[nH]2)cc1,0.6774193548387096,7.4027605056762695
Cc1cc(-c2ccccc2)c(-c2nnn[nH]2)cc1C,c1ccc(-c2ccccc2-c2nnn[nH]2)cc1,0.48,7.416980743408203
c1ccc(-n2ccc3ccccc32)c(-c2nnn[nH]2)c1,c1ccc(-c2ccccc2-c2nnn[nH]2)cc1,0.6229508196721312,7.419208526611328
c1ccc(-c2ccccc2-c2cnc[nH]2)cc1,c1ccc(-c2ccccc2-c2nnn[nH]2)cc1,0.647887323943662,7.423906326293945
c1ccc(-c2nc3ccccc3[nH]2)c(-c2nnn[nH]2)c1,c1ccc(-c2ccccc2-c2nnn[nH]2)cc1,0.6721311475409836,7.430934906005859
Nc1cc(-c2ccccc2-c2ccccc2)ccn1,c1ccc(-c2ccccc2-c2nnn[nH]2)cc1,0.5588235294117647,7.431826114654541
Fc1cc(-c2ccccc2-c2nnn[nH]2)cc(C(F)(F)F)c1,c1ccc(-c2ccccc2-c2nnn[nH]2)cc1,0.582089552238806,7.433241367340088
c1ccc(-c2cccnc2-c2ccccc2-c2nnn[nH]2)cc1,c1ccc(-c2ccccc2-c2nnn[nH]2)cc1,0.5857142857142857,7.447780609130859
c1ccc(-c2nnn[nH]2)c(-c2nnn[nH]2)c1,c1ccc(-c2ccccc2-c2nnn[nH]2)cc1,0.59375,7.467862129211426
Cc1ccc(-c2ccccc2-c2nnn[nH]2)s1,c1ccc(-c2ccccc2-c2nnn[nH]2)cc1,0.6323529411764706,7.475761890411377
O=C(O)c1ccccc1-c1ccccc1-c1nnn[nH]1,c1ccc(-c2ccccc2-c2nnn[nH]2)cc1,0.5285714285714286,7.482986927032471
c1ccc(-c2ccccc2-c2noc(N3CCCCC3)n2)cc1,c1ccc(-c2ccccc2-c2nnn[nH]2)cc1,0.5066666666666667,7.485897541046143
Fc1cc(-c2ccccc2)cc(-c2nnn[nH]2)c1,c1ccc(-c2ccccc2-c2nnn[nH]2)cc1,0.7142857142857143,7.490957260131836
c1ccc(-c2cccc3ncccc23)c(-c2nnn[nH]2)c1,c1ccc(-c2ccccc2-c2nnn[nH]2)cc1,0.5,7.5023112297058105
Fc1ccc(F)c(-c2nnn[nH]2)c1-c1ccccc1,c1ccc(-c2ccccc2-c2nnn[nH]2)cc1,0.578125,7.51759147644043
N#Cc1cccc(-c2nnn[nH]2)c1-c1ccccc1,c1ccc(-c2ccccc2-c2nnn[nH]2)cc1,0.6515151515151515,7.5221147537231445
Nc1cc(-c2ccccc2-c2ccccc2)n[nH]1,c1ccc(-c2ccccc2-c2nnn[nH]2)cc1,0.4634146341463415,7.525487422943115
S=c1[nH]nc(-c2ccccc2-c2ccccc2)s1,c1ccc(-c2ccccc2-c2nnn[nH]2)cc1,0.5294117647058824,7.529276371002197
Fc1ccc(-c2ccccc2-c2nnn[nH]2)cc1F,c1ccc(-c2ccccc2-c2nnn[nH]2)cc1,0.5833333333333334,7.5370330810546875
Cc1cc(-c2ccccc2-c2nnn[nH]2)cc(C)c1O,c1ccc(-c2ccccc2-c2nnn[nH]2)cc1,0.5362318840579711,7.572307586669922
Cc1nn[nH]c1-c1ccccc1-c1ccccc1,c1ccc(-c2ccccc2-c2nnn[nH]2)cc1,0.6567164179104478,7.593031406402588
c1ccc(-c2nnnn2-c2ccccc2)cc1,c1ccc(-c2ccccc2-c2nnn[nH]2)cc1,0.6461538461538462,7.611530780792236
CS(=O)(=O)c1ccccc1-c1nnn[nH]1,c1ccc(-c2ccccc2-c2nnn[nH]2)cc1,0.6,7.618545055389404
CC(C)(C)c1cccc(-c2ccccc2-c2nnn[nH]2)c1,c1ccc(-c2ccccc2-c2nnn[nH]2)cc1,0.6,7.62237024307251
N#Cc1c(-c2ccccc2)cccc1-c1nnn[nH]1,c1ccc(-c2ccccc2-c2nnn[nH]2)cc1,0.6060606060606061,7.6288251876831055
Nc1cc(-c2ccccc2)cc(-c2nnn[nH]2)c1,c1ccc(-c2ccccc2-c2nnn[nH]2)cc1,0.5211267605633803,7.629428386688232
c1ccc(-c2ccccc2C2=NOC(c3nnn[nH]3)C2)cc1,c1ccc(-c2ccccc2-c2nnn[nH]2)cc1,0.6229508196721312,7.641386032104492
c1ccc(-n2cccn2)c(-c2nnn[nH]2)c1,c1ccc(-c2ccccc2-c2nnn[nH]2)cc1,0.6774193548387096,7.641468048095703
c1ccc(-c2nnn[nH]2)c(-c2cc[nH]n2)c1,c1ccc(-c2ccccc2-c2nnn[nH]2)cc1,0.5,7.644496440887451
NC(=S)c1ccccc1-c1nnn[nH]1,c1ccc(-c2ccccc2-c2nnn[nH]2)cc1,0.453125,7.647926330566406
c1ccc(-n2nnc3c2CCCC3)c(-c2nnn[nH]2)c1,c1ccc(-c2ccccc2-c2nnn[nH]2)cc1,0.6323529411764706,7.654537677764893
Nc1ccccc1-c1ccccc1-c1nn[nH]n1,c1ccc(-c2ccccc2-c2nnn[nH]2)cc1,0.7258064516129032,7.658898830413818
c1ccc(-c2cc(-c3ccccc3-c3nnn[nH]3)ccn2)cc1,c1ccc(-c2ccccc2-c2nnn[nH]2)cc1,0.5294117647058824,7.659423828125
Cc1cccc(C)c1-c1nnn[nH]1,c1ccc(-c2ccccc2-c2nnn[nH]2)cc1,0.647887323943662,7.660576820373535
c1ccc(-c2cnn[nH]2)c(-c2ccncc2)c1,c1ccc(-c2ccccc2-c2nnn[nH]2)cc1,0.5,7.665502548217773
O=C(O)c1c(-c2ccccc2)cccc1-c1nnn[nH]1,c1ccc(-c2ccccc2-c2nnn[nH]2)cc1,0.5714285714285714,7.678648471832275
On1nnc(-c2ccccc2-c2ccccc2)n1,c1ccc(-c2ccccc2-c2nnn[nH]2)cc1,0.46774193548387094,7.681159496307373
c1ccc(-c2nnn[nH]2)c(CCCc2nnn[nH]2)c1,c1ccc(-c2ccccc2-c2nnn[nH]2)cc1,0.37037037037037035,7.686801433563232
Cc1ccccc1C(=O)c1ccccc1-c1nnn[nH]1,c1ccc(-c2ccccc2-c2nnn[nH]2)cc1,0.4857142857142857,7.698710918426514
c1ccc(-c2cccc3[nH]ccc23)c(-c2nnn[nH]2)c1,c1ccc(-c2ccccc2-c2nnn[nH]2)cc1,0.7142857142857143,7.71990442276001
Clc1ccc(-c2nnn[nH]2)c(Cc2ccccc2)c1,c1ccc(-c2ccccc2-c2nnn[nH]2)cc1,0.35384615384615387,7.727942943572998
Cc1cc(-c2ccccc2-c2nnn[nH]2)no1,c1ccc(-c2ccccc2-c2nnn[nH]2)cc1,0.5,7.730216026306152
Fc1cccc(-c2nnn[nH]2)c1-c1cccc2ccccc12,c1ccc(-c2ccccc2-c2nnn[nH]2)cc1,0.703125,7.739931583404541
OCc1ccccc1-c1nnn[nH]1,c1ccc(-c2ccccc2-c2nnn[nH]2)cc1,0.625,7.740644454956055
Oc1ccccc1-c1ccccc1-c1nn[nH]n1,c1ccc(-c2ccccc2-c2nnn[nH]2)cc1,0.38461538461538464,7.742587089538574
Nc1cc(-c2ccccc2-c2ccccc2)ccc1C(=O)O,c1ccc(-c2ccccc2-c2nnn[nH]2)cc1,0.6507936507936508,7.7447428703308105
CN(C)C(=O)c1ccccc1-c1nnn[nH]1,c1ccc(-c2ccccc2-c2nnn[nH]2)cc1,0.5797101449275363,7.746504306793213
Cc1cc(-c2ccccc2-c2nnn[nH]2)c(C)s1,c1ccc(-c2ccccc2-c2nnn[nH]2)cc1,0.5857142857142857,7.747237682342529
NS(=O)(=O)c1cccc(-c2ccccc2-c2nnn[nH]2)c1,c1ccc(-c2ccccc2-c2nnn[nH]2)cc1,0.5285714285714286,7.749046802520752
c1ccc(-c2nnn[nH]2)c(OCc2ccncc2)c1,c1ccc(-c2ccccc2-c2nnn[nH]2)cc1,0.5074626865671642,7.759791851043701
Cc1nnsc1-c1ccccc1-c1ccccc1,c1ccc(-c2ccccc2-c2nnn[nH]2)cc1,0.5466666666666666,7.7772955894470215
CC(C)(C)OC(=O)Nc1ccccc1-c1nnn[nH]1,c1ccc(-c2ccccc2-c2nnn[nH]2)cc1,0.48333333333333334,7.794230937957764
N/C(=N\O)c1ccccc1-c1nnn[nH]1,c1ccc(-c2ccccc2-c2nnn[nH]2)cc1,0.4857142857142857,7.796478271484375
c1ccc(-c2ccccc2-c2noc(N3CCCC3)n2)cc1,c1ccc(-c2ccccc2-c2nnn[nH]2)cc1,0.46153846153846156,7.803298473358154
c1ccc(-c2ccccc2-c2nnco2)cc1,c1ccc(-c2ccccc2-c2nnn[nH]2)cc1,0.43283582089552236,7.82227897644043
N#Cc1ccccc1Cc1nnn[nH]1,c1ccc(-c2ccccc2-c2nnn[nH]2)cc1,0.4927536231884058,7.825634479522705
Fc1ccccc1-c1ccccc1-c1nnn[nH]1,c1ccc(-c2ccccc2-c2nnn[nH]2)cc1,0.6323529411764706,7.8358378410339355
c1ccc(-c2nnn[nH]2)c(-c2ncn[nH]2)c1,c1ccc(-c2ccccc2-c2nnn[nH]2)cc1,0.5,7.837249279022217
Cc1cc(-c2ccccc2-c2nnn[nH]2)on1,c1ccc(-c2ccccc2-c2nnn[nH]2)cc1,0.6,7.838369369506836
Cc1cc(-c2ccccc2-c2nnn[nH]2)ccn1,c1ccc(-c2ccccc2-c2nnn[nH]2)cc1,0.38666666666666666,7.839794158935547
c1ccc(-c2nnn[nH]2)c(C2=NNCC2)c1,c1ccc(-c2ccccc2-c2nnn[nH]2)cc1,0.4461538461538462,7.846676349639893
Cc1ccc(-c2ccccc2-c2nnn[nH]2)o1,c1ccc(-c2ccccc2-c2nnn[nH]2)cc1,0.4810126582278481,7.853421688079834
Clc1cccc(-c2nnn[nH]2)c1-c1cccnc1,c1ccc(-c2ccccc2-c2nnn[nH]2)cc1,0.6190476190476191,7.856054782867432
c1ccc(-c2nnn[nH]2)c(C2=NCCO2)c1,c1ccc(-c2ccccc2-c2nnn[nH]2)cc1,0.3333333333333333,7.856387615203857
c1ccc(-n2cnnc2)c(-c2nnn[nH]2)c1,c1ccc(-c2ccccc2-c2nnn[nH]2)cc1,0.7049180327868853,7.857794761657715
O=[N+]([O-])c1cccc(-c2nnn[nH]2)c1,c1ccc(-c2ccccc2-c2nnn[nH]2)cc1,0.5230769230769231,7.859169006347656
c1ccc(-c2csc(-c3nnn[nH]3)c2)cc1,c1ccc(-c2ccccc2-c2nnn[nH]2)cc1,0.5074626865671642,7.862347602844238
c1ccc(-c2nnn[nH]2)c(-c2c[nH]cn2)c1,c1ccc(-c2ccccc2-c2nnn[nH]2)cc1,0.6,7.863856792449951
c1ccc(-c2ccccc2Cc2nn[nH]n2)cc1,c1ccc(-c2ccccc2-c2nnn[nH]2)cc1,0.5,7.88107442855835
c1ccc(-c2ncncc2-c2ccccc2-c2nnn[nH]2)cc1,c1ccc(-c2ccccc2-c2nnn[nH]2)cc1,0.578125,7.889359951019287
Nc1c(-c2ccccc2)cccc1-c1nnn[nH]1,c1ccc(-c2ccccc2-c2nnn[nH]2)cc1,0.4857142857142857,7.896350860595703
c1ccc(-c2cccc3c2CCCC3)c(-c2nnn[nH]2)c1,c1ccc(-c2ccccc2-c2nnn[nH]2)cc1,0.5,7.898454666137695
c1ccc(-c2coc3ccccc23)c(-c2nnn[nH]2)c1,c1ccc(-c2ccccc2-c2nnn[nH]2)cc1,0.45588235294117646,7.900522708892822
c1ccc(-c2cnc3ccccn23)c(-c2nnn[nH]2)c1,c1ccc(-c2ccccc2-c2nnn[nH]2)cc1,0.3787878787878788,7.917888164520264
c1ccc(-c2nnn[nH]2)c(C2=NOC(c3ccncc3)C2)c1,c1ccc(-c2ccccc2-c2nnn[nH]2)cc1,0.546875,7.920894622802734
COc1ccccc1C(=O)c1ccccc1-c1nnn[nH]1,c1ccc(-c2ccccc2-c2nnn[nH]2)cc1,0.546875,7.921871185302734
O=C(Nc1nnn[nH]1)c1ccccc1-c1ccccc1,c1ccc(-c2ccccc2-c2nnn[nH]2)cc1,0.5909090909090909,7.9264936447143555
c1ccc(-c2ccccc2COc2nnn[nH]2)cc1,c1ccc(-c2ccccc2-c2nnn[nH]2)cc1,0.6901408450704225,7.927920818328857
c1ccc(-c2ccccc2CCc2nnn[nH]2)cc1,c1ccc(-c2ccccc2-c2nnn[nH]2)cc1,0.7627118644067796,7.930206298828125
c1ccc(-c2nnn[nH]2)c(C2=NCCN2)c1,c1ccc(-c2ccccc2-c2nnn[nH]2)cc1,0.52,7.9353437423706055
NCc1ccccc1-c1nnn[nH]1,c1ccc(-c2ccccc2-c2nnn[nH]2)cc1,0.6567164179104478,7.942532062530518
On1nnnc1-c1ccccc1-c1ccccc1,c1ccc(-c2ccccc2-c2nnn[nH]2)cc1,0.6086956521739131,7.955730438232422
c1ccc(-c2nnn[nH]2)c(-c2ccc3c(c2)OCO3)c1,c1ccc(-c2ccccc2-c2nnn[nH]2)cc1,0.5,7.95656681060791
c1ccc(-c2cncs2)c(-c2nnn[nH]2)c1,c1ccc(-c2ccccc2-c2nnn[nH]2)cc1,0.5555555555555556,7.957711696624756
c1ccc(CCc2ccccc2-c2nnn[nH]2)cc1,c1ccc(-c2ccccc2-c2nnn[nH]2)cc1,0.6417910447761194,7.966137886047363
Fc1ccccc1-c1ccccc1-c1nn[nH]n1,c1ccc(-c2ccccc2-c2nnn[nH]2)cc1,0.6615384615384615,7.974491119384766
c1ccc(-c2ccccc2OCc2nnn[nH]2)cc1,c1ccc(-c2ccccc2-c2nnn[nH]2)cc1,0.6615384615384615,7.98208475112915
c1ccc(-n2cncn2)c(-c2nnn[nH]2)c1,c1ccc(-c2ccccc2-c2nnn[nH]2)cc1,0.5,7.983082294464111
c1ccc(-c2nnn[nH]2)c(-c2ccc3[nH]ncc3c2)c1,c1ccc(-c2ccccc2-c2nnn[nH]2)cc1,0.48333333333333334,7.988077163696289
Brc1ccc(-c2nnn[nH]2)c(-c2ccccc2)c1,c1ccc(-c2ccccc2-c2nnn[nH]2)cc1,0.6507936507936508,7.990085124969482
O=C(Nc1ccccc1)c1ccccc1-c1nnn[nH]1,c1ccc(-c2ccccc2-c2nnn[nH]2)cc1,0.5633802816901409,7.990530967712402
Nc1ccc(-c2ccccc2-c2nnn[nH]2)cn1,c1ccc(-c2ccccc2-c2nnn[nH]2)cc1,0.546875,7.990561008453369
S=c1[nH]c(-c2ccccc2-c2ccccc2)no1,c1ccc(-c2ccccc2-c2nnn[nH]2)cc1,0.6615384615384615,8.003047943115234
c1ccc(-c2cccc3c2OCO3)c(-c2nnn[nH]2)c1,c1ccc(-c2ccccc2-c2nnn[nH]2)cc1,0.4857142857142857,8.00891399383545
Nc1cc(-c2ccccc2-c2nnn[nH]2)ccc1F,c1ccc(-c2ccccc2-c2nnn[nH]2)cc1,0.6721311475409836,8.010576248168945
Cn1nnnc1-c1ccccc1-c1ccccc1,c1ccc(-c2ccccc2-c2nnn[nH]2)cc1,0.6615384615384615,8.012452125549316
Fc1ccc(-c2nnn[nH]2)c(-c2ccccc2Cl)c1,c1ccc(-c2ccccc2-c2nnn[nH]2)cc1,0.45588235294117646,8.027684211730957
COC(=O)Cc1ccccc1-c1nnn[nH]1,c1ccc(-c2ccccc2-c2nnn[nH]2)cc1,0.5857142857142857,8.029492378234863
c1ccc(-c2ncccc2C2CC2)c(-c2nnn[nH]2)c1,c1ccc(-c2ccccc2-c2nnn[nH]2)cc1,0.7049180327868853,8.037245750427246
Cc1cc(-c2ccccc2-c2nnn[nH]2)sn1,c1ccc(-c2ccccc2-c2nnn[nH]2)cc1,0.6417910447761194,8.045703887939453
Nc1nc(-c2ccccc2-c2ccccc2)n[nH]1,c1ccc(-c2ccccc2-c2nnn[nH]2)cc1,0.625,8.055891990661621
c1ccc(-c2csnc2-c2nnn[nH]2)cc1,c1ccc(-c2ccccc2-c2nnn[nH]2)cc1,0.6190476190476191,8.06052017211914
c1ccc(-c2ccccc2-c2ncco2)cc1,c1ccc(-c2ccccc2-c2nnn[nH]2)cc1,0.625,8.07359504699707
N#Cc1cc(Cl)ccc1-c1nnn[nH]1,c1ccc(-c2ccccc2-c2nnn[nH]2)cc1,0.5416666666666666,8.076631546020508
CCOC(=O)c1ccccc1-c1nnn[nH]1,c1ccc(-c2ccccc2-c2nnn[nH]2)cc1,0.6060606060606061,8.089920997619629
c1ccc(-c2ccccc2Nc2nnn[nH]2)cc1,c1ccc(-c2ccccc2-c2nnn[nH]2)cc1,0.6507936507936508,8.098320960998535
COc1ccccc1Cc1nnn[nH]1,c1ccc(-c2ccccc2-c2nnn[nH]2)cc1,0.5362318840579711,8.099740982055664
COc1cccc(C(=O)O)c1-c1ccccc1-c1nnn[nH]1,c1ccc(-c2ccccc2-c2nnn[nH]2)cc1,0.4264705882352941,8.10374927520752
c1ccc(-c2ccccc2-c2conn2)cc1,c1ccc(-c2ccccc2-c2nnn[nH]2)cc1,0.6229508196721312,8.108257293701172
Fc1cccc(-c2nnn[nH]2)c1-c1ccncc1,c1ccc(-c2ccccc2-c2nnn[nH]2)cc1,0.5277777777777778,8.120195388793945
c1ccc(-c2nnn[nH]2)c(-c2cnn(CC3CC3)c2)c1,c1ccc(-c2ccccc2-c2nnn[nH]2)cc1,0.5074626865671642,8.12328052520752
c1ccc(-c2cc(-c3nnn[nH]3)ccn2)cc1,c1ccc(-c2ccccc2-c2nnn[nH]2)cc1,0.6,8.126931190490723
C(=C/c1ccccc1-c1nnn[nH]1)\c1ccncc1,c1ccc(-c2ccccc2-c2nnn[nH]2)cc1,0.625,8.129973411560059
C#Cc1ccccc1-c1nnn[nH]1,c1ccc(-c2ccccc2-c2nnn[nH]2)cc1,0.5714285714285714,8.132259368896484
Nc1cc(-c2ccccc2)c(-c2nnn[nH]2)cc1-c1ccccc1,c1ccc(-c2ccccc2-c2nnn[nH]2)cc1,0.5692307692307692,8.142193794250488
Fc1cccc(-c2nnn[nH]2)c1-c1cccc2cnccc12,c1ccc(-c2ccccc2-c2nnn[nH]2)cc1,0.3582089552238806,8.146832466125488
c1ccc(-c2cccc3[nH]ncc23)c(-c2nnn[nH]2)c1,c1ccc(-c2ccccc2-c2nnn[nH]2)cc1,0.4264705882352941,8.149627685546875
NOC(=O)c1ccccc1-c1nnn[nH]1,c1ccc(-c2ccccc2-c2nnn[nH]2)cc1,0.6935483870967742,8.157245635986328
c1ccc(Cc2ccccc2-c2nnn[nH]2)cc1,c1ccc(-c2ccccc2-c2nnn[nH]2)cc1,0.3333333333333333,8.166218757629395
Cc1ccccc1-c1c(C)cccc1-c1nnn[nH]1,c1ccc(-c2ccccc2-c2nnn[nH]2)cc1,0.52,8.166872024536133
CC(C)c1ccccc1-c1nnn[nH]1,c1ccc(-c2ccccc2-c2nnn[nH]2)cc1,0.6190476190476191,8.175090789794922
O=C(O)c1nnn[nH]1,c1ccc(-c2ccccc2-c2nnn[nH]2)cc1,0.4647887323943662,8.176987648010254
FC(F)(F)Oc1cccc(-c2ccccc2-c2nnn[nH]2)c1,c1ccc(-c2ccccc2-c2nnn[nH]2)cc1,0.5068493150684932,8.178047180175781
COc1ccccc1-c1ccccc1-c1nn[nH]n1,c1ccc(-c2ccccc2-c2nnn[nH]2)cc1,0.5692307692307692,8.179422378540039
CSc1ccc(-c2ccccc2-c2nnn[nH]2)cc1,c1ccc(-c2ccccc2-c2nnn[nH]2)cc1,0.5,8.181018829345703
c1cncc(CCc2ccccc2-c2nnn[nH]2)c1,c1ccc(-c2ccccc2-c2nnn[nH]2)cc1,0.6229508196721312,8.194016456604004
FC(F)(F)c1cc(-c2ccccc2)cc(-c2nnn[nH]2)c1,c1ccc(-c2ccccc2-c2nnn[nH]2)cc1,0.48333333333333334,8.195680618286133
c1ccc(-c2cncc(-c3ccccc3-c3nnn[nH]3)c2)cc1,c1ccc(-c2ccccc2-c2nnn[nH]2)cc1,0.6266666666666667,8.197138786315918
Nc1cc(-c2ccccc2)c(-c2nnn[nH]2)s1,c1ccc(-c2ccccc2-c2nnn[nH]2)cc1,0.46835443037974683,8.201416015625
c1ccc(-c2ccccc2CNc2nnn[nH]2)cc1,c1ccc(-c2ccccc2-c2nnn[nH]2)cc1,0.5633802816901409,8.204834938049316
Nc1ccccc1-c1nn[nH]n1,c1ccc(-c2ccccc2-c2nnn[nH]2)cc1,0.4461538461538462,8.20671558380127
c1ccc(-n2nnnc2-c2ccncc2)cc1,c1ccc(-c2ccccc2-c2nnn[nH]2)cc1,0.6935483870967742,8.20913314819336
Nc1cc(-c2ccccc2-c2nnn[nH]2)ccc1Br,c1ccc(-c2ccccc2-c2nnn[nH]2)cc1,0.5588235294117647,8.222253799438477
Cc1cc(-c2ccccc2-c2nnn[nH]2)cc(C)c1-c1ccccc1,c1ccc(-c2ccccc2-c2nnn[nH]2)cc1,0.46774193548387094,8.22881031036377
Clc1cccc(-c2nnn[nH]2)c1-c1cccc(Br)c1,c1ccc(-c2ccccc2-c2nnn[nH]2)cc1,0.1774193548387097,8.228907585144043
Fc1cccc(-c2nnn[nH]2)c1-c1ccccc1Cl,c1ccc(-c2ccccc2-c2nnn[nH]2)cc1,0.6056338028169014,8.234594345092773
Cc1ccc(-c2nnn[nH]2)c(-c2ccccc2)c1C,c1ccc(-c2ccccc2-c2nnn[nH]2)cc1,0.4657534246575342,8.234618186950684
CCc1nnc(-c2ccccc2-c2ccccc2)o1,c1ccc(-c2ccccc2-c2nnn[nH]2)cc1,0.6461538461538462,8.235526084899902
Nc1cc(-c2ccccc2-c2nnn[nH]2)ccc1Cl,c1ccc(-c2ccccc2-c2nnn[nH]2)cc1,0.6615384615384615,8.241621017456055
Nc1nnc(-c2ccccc2-c2ccccc2)[nH]1,c1ccc(-c2ccccc2-c2nnn[nH]2)cc1,0.5,8.243192672729492
Nc1cc(-c2ccccc2)c(-c2nnn[nH]2)cc1Cl,c1ccc(-c2ccccc2-c2nnn[nH]2)cc1,0.48,8.248006820678711
Fc1ccc(-c2nnn[nH]2)c(-c2cccc(Cl)c2)c1,c1ccc(-c2ccccc2-c2nnn[nH]2)cc1,0.7142857142857143,8.248199462890625
Nc1ccccc1C(=O)Nc1ccccc1-c1nnn[nH]1,c1ccc(-c2ccccc2-c2nnn[nH]2)cc1,0.5538461538461539,8.250636100769043
Fc1cccc(-c2nnn[nH]2)c1-c1cccnc1,c1ccc(-c2ccccc2-c2nnn[nH]2)cc1,0.6615384615384615,8.258726119995117
c1ccc(-c2ccccc2-c2nc3ncccc3o2)cc1,c1ccc(-c2ccccc2-c2nnn[nH]2)cc1,0.3230769230769231,8.259554862976074
Oc1ccc(-c2nnn[nH]2)c(-c2ccccc2)c1,c1ccc(-c2ccccc2-c2nnn[nH]2)cc1,0.3783783783783784,8.259934425354004
CCCCOc1ccccc1-c1nnn[nH]1,c1ccc(-c2ccccc2-c2nnn[nH]2)cc1,0.6060606060606061,8.26842212677002
Nc1cc(-c2ccccc2)c(-c2nnn[nH]2)cn1,c1ccc(-c2ccccc2-c2nnn[nH]2)cc1,0.6756756756756757,8.27472972869873
CONC(=O)c1ccccc1-c1nnn[nH]1,c1ccc(-c2ccccc2-c2nnn[nH]2)cc1,0.49295774647887325,8.28364086151123
Nc1cc(-c2ccccc2-c2nnn[nH]2)cc([N+](=O)[O-])c1,c1ccc(-c2ccccc2-c2nnn[nH]2)cc1,0.5588235294117647,8.285391807556152
CC(C)c1ccc(-c2ccccc2-c2nnn[nH]2)cc1,c1ccc(-c2ccccc2-c2nnn[nH]2)cc1,0.582089552238806,8.29042911529541
c1ccc(-c2nnn[nH]2)c(Cc2cccc3ccccc23)c1,c1ccc(-c2ccccc2-c2nnn[nH]2)cc1,0.5735294117647058,8.294594764709473
Fc1ccc(-c2nnn[nH]2)c(-c2ccccc2C(F)(F)F)c1,c1ccc(-c2ccccc2-c2nnn[nH]2)cc1,0.6060606060606061,8.29769515991211
NC(=O)c1ccccc1-c1ccccc1-c1nnn[nH]1,c1ccc(-c2ccccc2-c2nnn[nH]2)cc1,0.6774193548387096,8.29830265045166
c1ccc(-c2nnn[nH]2)c(CCc2n[nH]c3ccccc23)c1,c1ccc(-c2ccccc2-c2nnn[nH]2)cc1,0.582089552238806,8.29990291595459
Cc1onc(-c2ccccc2-c2ccccc2)c1C,c1ccc(-c2ccccc2-c2nnn[nH]2)cc1,0.49295774647887325,8.308878898620605
c1ccc(C2CCCCC2)c(-c2nnn[nH]2)c1,c1ccc(-c2ccccc2-c2nnn[nH]2)cc1,0.59375,8.309371948242188
Clc1ccc(-c2ccccc2-c2nnn[nH]2)cc1,c1ccc(-c2ccccc2-c2nnn[nH]2)cc1,0.5555555555555556,8.31787395477295
CC(C)Oc1ccccc1-c1nnn[nH]1,c1ccc(-c2ccccc2-c2nnn[nH]2)cc1,0.4857142857142857,8.318889617919922
Cc1ccccc1-c1ccccc1-c1nnn[nH]1,c1ccc(-c2ccccc2-c2nnn[nH]2)cc1,0.5,8.32002067565918
CSc1nnc(-c2ccccc2-c2ccccc2)o1,c1ccc(-c2ccccc2-c2nnn[nH]2)cc1,0.7049180327868853,8.322710037231445
c1ccc(-c2nnn[nH]2)c(Cc2nn[nH]n2)c1,c1ccc(-c2ccccc2-c2nnn[nH]2)cc1,0.42028985507246375,8.328951835632324
C=Cc1ccccc1-c1nnn[nH]1,c1ccc(-c2ccccc2-c2nnn[nH]2)cc1,0.6,8.33547592163086
Fc1cc(F)cc(-c2ccccc2-c2nnn[nH]2)c1,c1ccc(-c2ccccc2-c2nnn[nH]2)cc1,0.4264705882352941,8.336700439453125
O=C(O)CC(=O)c1ccccc1-c1nnn[nH]1,c1ccc(-c2ccccc2-c2nnn[nH]2)cc1,0.5205479452054794,8.337002754211426
c1ccc(CNc2ccccc2-c2nnn[nH]2)nc1,c1ccc(-c2ccccc2-c2nnn[nH]2)cc1,0.6268656716417911,8.342126846313477
c1ccc(-c2nnn[nH]2)c(-c2cnccn2)c1,c1ccc(-c2ccccc2-c2nnn[nH]2)cc1,0.7,8.348963737487793
c1ccc(-c2nnn[nH]2)c(Cc2ccc3c(c2)OCO3)c1,c1ccc(-c2ccccc2-c2nnn[nH]2)cc1,0.56,8.349030494689941
c1cnc(-c2ccccc2-c2nnn[nH]2)nc1,c1ccc(-c2ccccc2-c2nnn[nH]2)cc1,0.4868421052631579,8.349942207336426
Cc1nnc(Cc2ccccc2-c2ccccc2)o1,c1ccc(-c2ccccc2-c2nnn[nH]2)cc1,0.6515151515151515,8.354860305786133
c1ccc2c(-c3nnn[nH]3)ccnc2c1,c1ccc(-c2ccccc2-c2nnn[nH]2)cc1,0.5194805194805194,8.364036560058594
Nc1nc(-c2ccccc2-c2ccccc2)c[nH]1,c1ccc(-c2ccccc2-c2nnn[nH]2)cc1,0.5362318840579711,8.366162300109863
c1ccc(-c2nnn[nH]2)c(NC2CCCCC2)c1,c1ccc(-c2ccccc2-c2nnn[nH]2)cc1,0.3972602739726027,8.37259578704834
Cc1cc(-c2ccccc2-c2nnn[nH]2)c(C)o1,c1ccc(-c2ccccc2-c2nnn[nH]2)cc1,0.6774193548387096,8.374252319335938
Nc1cc(-c2ccccc2)cc(-c2ccccc2)c1,c1ccc(-c2ccccc2-c2nnn[nH]2)cc1,0.4461538461538462,8.376326560974121
N#Cc1cccc(C#Cc2ccccc2-c2nnn[nH]2)c1,c1ccc(-c2ccccc2-c2nnn[nH]2)cc1,0.7049180327868853,8.390984535217285
c1ccc(-c2nnn[nH]2)c(C2=NOCC2)c1,c1ccc(-c2ccccc2-c2nnn[nH]2)cc1,0.5735294117647058,8.401273727416992
c1ccc(-c2nnn[nH]2)c(-c2ccc3occc3c2)c1,c1ccc(-c2ccccc2-c2nnn[nH]2)cc1,0.4166666666666667,8.406707763671875
c1ccc(-c2nnn[nH]2)c(-c2ccoc2)c1,c1ccc(-c2ccccc2-c2nnn[nH]2)cc1,0.48333333333333334,8.412574768066406
Nc1cccc(-c2nnn[nH]2)c1-c1cccc(C(F)(F)F)c1,c1ccc(-c2ccccc2-c2nnn[nH]2)cc1,0.5588235294117647,8.415839195251465
c1ccc(-c2nnn[nH]2)c(Oc2ccncc2)c1,c1ccc(-c2ccccc2-c2nnn[nH]2)cc1,0.4142857142857143,8.416763305664062
c1ccc(-c2[nH]nnc2-c2nnn[nH]2)cc1,c1ccc(-c2ccccc2-c2nnn[nH]2)cc1,0.5428571428571428,8.417752265930176
c1ccc(-c2n[nH]c3ncccc23)c(-c2nnn[nH]2)c1,c1ccc(-c2ccccc2-c2nnn[nH]2)cc1,0.6615384615384615,8.425188064575195
c1ccc(-c2nnn[nH]2)c(CN2CCNCC2)c1,c1ccc(-c2ccccc2-c2nnn[nH]2)cc1,0.5454545454545454,8.42668342590332
c1ccc(-c2ccccc2Oc2nnn[nH]2)cc1,c1ccc(-c2ccccc2-c2nnn[nH]2)cc1,0.4430379746835443,8.43084716796875
O=C(O)Cc1ccc(-c2ccccc2-c2nnn[nH]2)cc1,c1ccc(-c2ccccc2-c2nnn[nH]2)cc1,0.5692307692307692,8.432028770446777
O=C(O)Cc1nnn[nH]1,c1ccc(-c2ccccc2-c2nnn[nH]2)cc1,0.5070422535211268,8.443289756774902
Clc1ccccc1-c1ccccc1-c1nnn[nH]1,c1ccc(-c2ccccc2-c2nnn[nH]2)cc1,0.5,8.447244644165039
O=C(c1ccccc1)c1ccccc1-c1nnn[nH]1,c1ccc(-c2ccccc2-c2nnn[nH]2)cc1,0.5757575757575758,8.448648452758789
c1ccc(-c2nnn[nH]2)c(Cc2c[nH]c3ccccc23)c1,c1ccc(-c2ccccc2-c2nnn[nH]2)cc1,0.3815789473684211,8.465103149414062
CCC(=O)c1ccccc1-c1nnn[nH]1,c1ccc(-c2ccccc2-c2nnn[nH]2)cc1,0.4927536231884058,8.467318534851074
c1ccc(-c2ccccc2-c2c[nH]nn2)cc1,c1ccc(-c2ccccc2-c2nnn[nH]2)cc1,0.38961038961038963,8.473052978515625
NS(=O)(=O)c1nnc(-c2ccccc2-c2ccccc2)o1,c1ccc(-c2ccccc2-c2nnn[nH]2)cc1,0.6615384615384615,8.476161003112793
Clc1cccc(-c2nnn[nH]2)c1-c1ccncc1,c1ccc(-c2ccccc2-c2nnn[nH]2)cc1,0.7,8.478638648986816
CC(C)(C)c1nnc(-c2ccccc2-c2ccccc2)o1,c1ccc(-c2ccccc2-c2nnn[nH]2)cc1,0.4868421052631579,8.490180015563965
Cc1cc(-c2ccccc2-c2nnn[nH]2)ccc1F,c1ccc(-c2ccccc2-c2nnn[nH]2)cc1,0.5,8.496139526367188
Nc1ccc(-c2ccccc2-c2nnn[nH]2)c([N+](=O)[O-])c1,c1ccc(-c2ccccc2-c2nnn[nH]2)cc1,0.6086956521739131,8.501303672790527
c1ccc(-c2nnn[nH]2)c(Cc2ccc3ccccc3c2)c1,c1ccc(-c2ccccc2-c2nnn[nH]2)cc1,0.65,8.505617141723633
Cc1cccc(C#N)c1-c1ccccc1-c1nnn[nH]1,c1ccc(-c2ccccc2-c2nnn[nH]2)cc1,0.44871794871794873,8.508715629577637
COCc1ccccc1-c1nnn[nH]1,c1ccc(-c2ccccc2-c2nnn[nH]2)cc1,0.5217391304347826,8.510891914367676
c1ccc(-n2cc3ccccc3n2)c(-c2nnn[nH]2)c1,c1ccc(-c2ccccc2-c2nnn[nH]2)cc1,0.5,8.51105785369873
FC(F)(F)c1ccccc1-c1ccccc1-c1nnn[nH]1,c1ccc(-c2ccccc2-c2nnn[nH]2)cc1,0.5205479452054794,8.512199401855469
Cn1nncc1-c1ccccc1-c1ccccc1,c1ccc(-c2ccccc2-c2nnn[nH]2)cc1,0.3815789473684211,8.515117645263672
N#Cc1cc(-c2ccccc2)ccc1-c1nnn[nH]1,c1ccc(-c2ccccc2-c2nnn[nH]2)cc1,0.6935483870967742,8.515847206115723
c1ccc2c(-c3nnn[nH]3)csc2c1,c1ccc(-c2ccccc2-c2nnn[nH]2)cc1,0.6,8.517727851867676
Fc1cccc(Cc2nnn[nH]2)c1-c1ccccc1,c1ccc(-c2ccccc2-c2nnn[nH]2)cc1,0.16923076923076924,8.518134117126465
c1ccc(-c2ccnn2-c2ccccc2-c2nnn[nH]2)cc1,c1ccc(-c2ccccc2-c2nnn[nH]2)cc1,0.7049180327868853,8.519235610961914
Cc1nnn(-c2ccccc2-c2ccccc2)n1,c1ccc(-c2ccccc2-c2nnn[nH]2)cc1,0.671875,8.531221389770508
Cn1c(-c2ccccc2-c2ccccc2)n[nH]c1=S,c1ccc(-c2ccccc2-c2nnn[nH]2)cc1,0.5616438356164384,8.538307189941406
Clc1ccc(-c2nnn[nH]2)c(-c2cccnc2)c1,c1ccc(-c2ccccc2-c2nnn[nH]2)cc1,0.4461538461538462,8.545930862426758
Clc1ccccc1Cc1nnn[nH]1,c1ccc(-c2ccccc2-c2nnn[nH]2)cc1,0.6721311475409836,8.546783447265625
N/C(=N/O)c1ccccc1-c1nnn[nH]1,c1ccc(-c2ccccc2-c2nnn[nH]2)cc1,0.5416666666666666,8.546812057495117
Ic1cccc(-c2ccccc2-c2nnn[nH]2)c1,c1ccc(-c2ccccc2-c2nnn[nH]2)cc1,0.4647887323943662,8.552160263061523
c1ccc(-c2nnn[nH]2)c(-c2cnn(C3CCCCC3)c2)c1,c1ccc(-c2ccccc2-c2nnn[nH]2)cc1,0.5416666666666666,8.553756713867188
Cc1ccc(-c2ccccc2-c2nnn[nH]2)cn1,c1ccc(-c2ccccc2-c2nnn[nH]2)cc1,0.6060606060606061,8.560367584228516
O=C(O)c1ccccc1Cc1ccccc1-c1nnn[nH]1,c1ccc(-c2ccccc2-c2nnn[nH]2)cc1,0.5205479452054794,8.56695556640625
c1ccc(-c2ccc(-c3nnn[nH]3)cn2)cc1,c1ccc(-c2ccccc2-c2nnn[nH]2)cc1,0.5394736842105263,8.567502975463867
Cc1ccc(C(=O)O)c(-c2ccccc2-c2nnn[nH]2)c1,c1ccc(-c2ccccc2-c2nnn[nH]2)cc1,0.5571428571428572,8.574230194091797
Fc1ccc(-c2ccccc2-c2nnn[nH]2)c(F)c1,c1ccc(-c2ccccc2-c2nnn[nH]2)cc1,0.4603174603174603,8.576045036315918
c1ccc(-c2ccccc2-c2ncco2)c(-c2nnn[nH]2)c1,c1ccc(-c2ccccc2-c2nnn[nH]2)cc1,0.5857142857142857,8.578527450561523
N#Cc1c(-c2ccccc2-c2ccccc2)n[nH]c1N,c1ccc(-c2ccccc2-c2nnn[nH]2)cc1,0.6323529411764706,8.580860137939453
CC(C)Oc1ccc(-c2ccccc2-c2nnn[nH]2)cc1,c1ccc(-c2ccccc2-c2nnn[nH]2)cc1,0.5757575757575758,8.584612846374512
COC(=O)c1c(-c2ccccc2)cccc1-c1nnn[nH]1,c1ccc(-c2ccccc2-c2nnn[nH]2)cc1,0.5970149253731343,8.585220336914062
Nn1nnc(-c2ccccc2-c2ccccc2)n1,c1ccc(-c2ccccc2-c2nnn[nH]2)cc1,0.47619047619047616,8.58602523803711
CC(=O)c1ccc(-c2ccccc2-c2nnn[nH]2)cc1,c1ccc(-c2ccccc2-c2nnn[nH]2)cc1,0.5070422535211268,8.58614730834961
COc1cccc(-c2nnn[nH]2)c1-c1ccccc1F,c1ccc(-c2ccccc2-c2nnn[nH]2)cc1,0.647887323943662,8.58773422241211
c1ccc(-c2nnn[nH]2)c(-c2nnc[nH]2)c1,c1ccc(-c2ccccc2-c2nnn[nH]2)cc1,0.5522388059701493,8.597366333007812
c1ccc(CNCc2ccccc2-c2nnn[nH]2)cc1,c1ccc(-c2ccccc2-c2nnn[nH]2)cc1,0.582089552238806,8.598200798034668
CS(=O)(=O)c1nnc(-c2ccccc2-c2ccccc2)s1,c1ccc(-c2ccccc2-c2nnn[nH]2)cc1,0.4857142857142857,8.603337287902832
O=S(=O)(Nc1nnn[nH]1)c1ccccc1-c1ccccc1,c1ccc(-c2ccccc2-c2nnn[nH]2)cc1,0.3484848484848485,8.607880592346191
O=[N+]([O-])c1cccc(-c2nnn[nH]2)c1Cc1ccccc1,c1ccc(-c2ccccc2-c2nnn[nH]2)cc1,0.4461538461538462,8.610713958740234
Fc1cc(-c2nnn[nH]2)c(-c2ccccc2)cc1C(F)(F)F,c1ccc(-c2ccccc2-c2nnn[nH]2)cc1,0.5454545454545454,8.613719940185547
CC(=O)Nc1ccccc1-c1nnn[nH]1,c1ccc(-c2ccccc2-c2nnn[nH]2)cc1,0.7049180327868853,8.613935470581055
COc1ccc(-c2ccccc2-c2nnn[nH]2)cc1C,c1ccc(-c2ccccc2-c2nnn[nH]2)cc1,0.4625,8.619040489196777
c1ccc2c(c1)CC(Nc1ccccc1-c1nnn[nH]1)C2,c1ccc(-c2ccccc2-c2nnn[nH]2)cc1,0.625,8.620673179626465
Nc1cc(-c2ccccc2)c(-c2nnn[nH]2)cc1C(F)(F)F,c1ccc(-c2ccccc2-c2nnn[nH]2)cc1,0.5555555555555556,8.622823715209961
c1ccc(-c2n[nH]c3c2CCCC3)c(-c2nnn[nH]2)c1,c1ccc(-c2ccccc2-c2nnn[nH]2)cc1,0.59375,8.625207901000977
Nc1ccc(-c2ccccc2-c2nnn[nH]2)c(C(F)(F)F)c1,c1ccc(-c2ccccc2-c2nnn[nH]2)cc1,0.5205479452054794,8.627115249633789
O=C(O)CCC(=O)c1ccccc1-c1nnn[nH]1,c1ccc(-c2ccccc2-c2nnn[nH]2)cc1,0.5588235294117647,8.62742805480957
c1ccc(-c2cncc(-c3ccccc3)c2)cc1,c1ccc(-c2ccccc2-c2nnn[nH]2)cc1,0.6027397260273972,8.627827644348145
c1ccc(-c2nnn[nH]2)c(-c2cnn[nH]2)c1,c1ccc(-c2ccccc2-c2nnn[nH]2)cc1,0.5571428571428572,8.629096031188965
N#Cc1ccccc1-c1nn[nH]n1,c1ccc(-c2ccccc2-c2nnn[nH]2)cc1,0.6,8.630075454711914
Cc1cccc(-c2cc(C)ccc2-c2nnn[nH]2)c1,c1ccc(-c2ccccc2-c2nnn[nH]2)cc1,0.6716417910447762,8.638063430786133
c1ccc(-c2ccnc3ccccc23)c(-c2nn[nH]n2)c1,c1ccc(-c2ccccc2-c2nnn[nH]2)cc1,0.625,8.639962196350098
c1ccc(-c2cncc(-c3nnn[nH]3)c2)cc1,c1ccc(-c2ccccc2-c2nnn[nH]2)cc1,0.6268656716417911,8.643218040466309
c1ccc(Nc2nc(-c3ccccc3-c3ccccc3)no2)cc1,c1ccc(-c2ccccc2-c2nnn[nH]2)cc1,0.5352112676056338,8.643820762634277
N=C(N)c1ccc(-c2ccccc2-c2nnn[nH]2)cc1,c1ccc(-c2ccccc2-c2nnn[nH]2)cc1,0.5230769230769231,8.644515037536621
Cc1n[nH]c(-c2ccccc2-c2ccccc2)n1,c1ccc(-c2ccccc2-c2nnn[nH]2)cc1,0.6323529411764706,8.646318435668945
Nc1cccc(-c2nnn[nH]2)c1-c1ccccc1C(F)(F)F,c1ccc(-c2ccccc2-c2nnn[nH]2)cc1,0.5416666666666666,8.653919219970703
N#Cc1ccccc1-c1nnc[nH]1,c1ccc(-c2ccccc2-c2nnn[nH]2)cc1,0.6231884057971014,8.655265808105469
c1ccc(-c2ccccc2-c2n[nH]c(-c3ccncc3)n2)cc1,c1ccc(-c2ccccc2-c2nnn[nH]2)cc1,0.5342465753424658,8.656517028808594
FC(F)(F)c1cccc(-c2ccccc2-c2nnn[nH]2)c1,c1ccc(-c2ccccc2-c2nnn[nH]2)cc1,0.546875,8.661669731140137
c1ccc(-c2nnn[nH]2)c(CN2CCOCC2)c1,c1ccc(-c2ccccc2-c2nnn[nH]2)cc1,0.527027027027027,8.663434028625488
CS(=O)(=O)c1cccc(-c2ccccc2-c2nnn[nH]2)c1,c1ccc(-c2ccccc2-c2nnn[nH]2)cc1,0.4461538461538462,8.666303634643555
c1ccc(-c2ccccc2-c2nc3ccccc3[nH]2)cc1,c1ccc(-c2ccccc2-c2nnn[nH]2)cc1,,8.666544914245605
Nc1cc(-c2ccccc2)c(-c2nnn[nH]2)cc1[N+](=O)[O-],c1ccc(-c2ccccc2-c2nnn[nH]2)cc1,0.5797101449275363,8.6668062210083
Nc1cc(-c2ccccc2)c(-c2nnn[nH]2)cc1Br,c1ccc(-c2ccccc2-c2nnn[nH]2)cc1,0.5405405405405406,8.667353630065918
c1ccc(-c2nc(-c3ccccc3-c3ccccc3)n[nH]2)cc1,c1ccc(-c2ccccc2-c2nnn[nH]2)cc1,0.527027027027027,8.667743682861328
FC(F)(F)c1cc(-c2ccccc2-c2nnn[nH]2)cc(C(F)(F)F)c1,c1ccc(-c2ccccc2-c2nnn[nH]2)cc1,0.4230769230769231,8.669434547424316
N=C(N)c1cccc(-c2ccccc2-c2nnn[nH]2)c1,c1ccc(-c2ccccc2-c2nnn[nH]2)cc1,0.5066666666666667,8.670184135437012
c1ccc(-c2ccnc3[nH]ccc23)c(-c2nnn[nH]2)c1,c1ccc(-c2ccccc2-c2nnn[nH]2)cc1,0.3972602739726027,8.673321723937988
c1ccc(-c2nnn[nH]2)c(C2=NNC(c3ccncc3)C2)c1,c1ccc(-c2ccccc2-c2nnn[nH]2)cc1,0.4189189189189189,8.673982620239258
Cc1ccc(-c2ccccc2-c2nnn[nH]2)nc1,c1ccc(-c2ccccc2-c2nnn[nH]2)cc1,0.5230769230769231,8.675577163696289
CC(C)c1nnc(-c2ccccc2-c2ccccc2)o1,c1ccc(-c2ccccc2-c2nnn[nH]2)cc1,0.3088235294117647,8.677804946899414
Cc1noc(-c2ccccc2-c2nnn[nH]2)n1,c1ccc(-c2ccccc2-c2nnn[nH]2)cc1,0.49295774647887325,8.679604530334473
c1ccc(-c2ccccc2-c2n[nH]c(N3CCOCC3)n2)cc1,c1ccc(-c2ccccc2-c2nnn[nH]2)cc1,0.4430379746835443,8.691368103027344
O=S(=O)(Nc1ccccc1-c1nnn[nH]1)c1ccccc1,c1ccc(-c2ccccc2-c2nnn[nH]2)cc1,0.5454545454545454,8.695059776306152
CC(C)(C)c1cccc(-c2nnn[nH]2)c1-c1ccccc1,c1ccc(-c2ccccc2-c2nnn[nH]2)cc1,0.4470588235294118,8.700052261352539
c1ccc(-c2ccc(-c3nnn[nH]3)cc2-c2ccccc2)cc1,c1ccc(-c2ccccc2-c2nnn[nH]2)cc1,0.6268656716417911,8.703579902648926
c1ccc(-c2ccccc2-c2nnn[nH]2)c(-c2nnn[nH]2)c1,c1ccc(-c2ccccc2-c2nnn[nH]2)cc1,0.6774193548387096,8.705406188964844
c1ccc(-c2nncn2-c2ccccc2-c2nnn[nH]2)cc1,c1ccc(-c2ccccc2-c2nnn[nH]2)cc1,0.5066666666666667,8.715124130249023
Fc1cccc(-c2nnn[nH]2)c1-c1ccc2ccccc2c1,c1ccc(-c2ccccc2-c2nnn[nH]2)cc1,0.3088235294117647,8.717594146728516
COc1cccc(C(=O)c2ccccc2-c2nnn[nH]2)c1,c1ccc(-c2ccccc2-c2nnn[nH]2)cc1,0.5384615384615384,8.722626686096191
c1ccc(-c2cncnc2OCC2CC2)c(-c2nnn[nH]2)c1,c1ccc(-c2ccccc2-c2nnn[nH]2)cc1,0.6323529411764706,8.806342124938965
CS(=O)(=O)c1nnc(-c2ccccc2-c2ccccc2)[nH]1,c1ccc(-c2ccccc2-c2nnn[nH]2)cc1,0.3815789473684211,8.814342498779297
O=C(O)c1nnc(-c2ccccc2-c2ccccc2)o1,c1ccc(-c2ccccc2-c2nnn[nH]2)cc1,0.6323529411764706,8.819524765014648
FC(F)(F)c1cccc(-c2nnn[nH]2)c1-c1ccccc1Cl,c1ccc(-c2ccccc2-c2nnn[nH]2)cc1,0.5405405405405406,8.89040470123291
O=C(O)Cc1nnc(-c2ccccc2-c2ccccc2)o1,c1ccc(-c2ccccc2-c2nnn[nH]2)cc1,0.5416666666666666,8.893255233764648
Cc1cc(-c2ccccc2-c2nnn[nH]2)cc(C)c1C,c1ccc(-c2ccccc2-c2nnn[nH]2)cc1,0.582089552238806,8.896014213562012
Fc1cc(-c2nnn[nH]2)c(-c2ccccc2)cc1-c1cccc(Cl)c1,c1ccc(-c2ccccc2-c2nnn[nH]2)cc1,0.5189873417721519,9.549198150634766
